{
    "root_group": {
        "checks": {
            "get 200": {
                "name": "get 200",
                "path": "::get 200",
                "id": "2c445af86d719d43e970db9ef11acf1c",
                "passes": 3359,
                "fails": 0
            },
            "search 200": {
                "passes": 3345,
                "fails": 0,
                "name": "search 200",
                "path": "::search 200",
                "id": "f1430541508c538fdf29bbd85cfe5de5"
            }
        },
        "name": "",
        "path": "",
        "id": "d41d8cd98f00b204e9800998ecf8427e",
        "groups": {}
    },
    "metrics": {
        "http_reqs": {
            "count": 6704,
            "rate": 218.20380970767332
        },
        "search_latency": {
            "p(95)": 2376.723099999999,
            "avg": 854.7478453512689,
            "min": 15.7978,
            "med": 612.5604,
            "max": 4426.4508,
            "p(90)": 1980.6216199999997
        },
        "http_req_receiving": {
            "min": 0,
            "med": 0,
            "max": 639.5511,
            "p(90)": 1.2721899999999997,
            "p(95)": 2.358889999999997,
            "avg": 0.9278549075178993
        },
        "http_req_duration{expected_response:true}": {
            "avg": 452.50266739260127,
            "min": 2.0289,
            "med": 144.98250000000002,
            "max": 4426.4508,
            "p(90)": 1369.5635299999994,
            "p(95)": 1977.583159999998
        },
        "checks": {
            "passes": 6704,
            "fails": 0,
            "value": 1
        },
        "get_latency": {
            "min": 2.0289,
            "med": 26.5989,
            "max": 946.4053,
            "p(90)": 126.38556000000005,
            "p(95)": 185.8231899999999,
            "avg": 51.934009973206244
        },
        "data_received": {
            "count": 337776842,
            "rate": 10994062.314353645
        },
        "vus_max": {
            "value": 100,
            "min": 100,
            "max": 100
        },
        "iterations": {
            "count": 6704,
            "rate": 218.20380970767332
        },
        "http_req_failed": {
            "passes": 0,
            "fails": 6704,
            "value": 0
        },
        "data_sent": {
            "count": 3238103,
            "rate": 105394.75101817513
        },
        "http_req_blocked": {
            "avg": 0.25661236575178975,
            "min": 0,
            "med": 0,
            "max": 49.2034,
            "p(90)": 0,
            "p(95)": 0
        },
        "errors": {
            "passes": 0,
            "fails": 6704,
            "value": 0
        },
        "http_req_duration": {
            "min": 2.0289,
            "med": 144.98250000000002,
            "max": 4426.4508,
            "p(90)": 1369.5635299999994,
            "p(95)": 1977.583159999998,
            "avg": 452.50266739260127
        },
        "http_req_sending": {
            "avg": 0.04279225835322197,
            "min": 0,
            "med": 0,
            "max": 7.9635,
            "p(90)": 0,
            "p(95)": 0.5047399999999987
        },
        "http_req_tls_handshaking": {
            "avg": 0,
            "min": 0,
            "med": 0,
            "max": 0,
            "p(90)": 0,
            "p(95)": 0
        },
        "vus": {
            "value": 100,
            "min": 100,
            "max": 100
        },
        "iteration_duration": {
            "p(95)": 1981.7520999999958,
            "avg": 453.1073229415274,
            "min": 2.0289,
            "med": 145.52265,
            "max": 4426.8651,
            "p(90)": 1369.9882999999995
        },
        "http_req_waiting": {
            "min": 2.0289,
            "med": 144.7179,
            "max": 4418.1241,
            "p(90)": 1364.77191,
            "p(95)": 1969.2499349999987,
            "avg": 451.53202022673054
        },
        "http_req_connecting": {
            "min": 0,
            "med": 0,
            "max": 15.3704,
            "p(90)": 0,
            "p(95)": 0,
            "avg": 0.046901700477326946
        }
    }
}