{
    "root_group": {
        "groups": {},
        "checks": {
                "get 200": {
                    "id": "2c445af86d719d43e970db9ef11acf1c",
                    "passes": 3191,
                    "fails": 0,
                    "name": "get 200",
                    "path": "::get 200"
                },
                "search 200": {
                    "passes": 3167,
                    "fails": 0,
                    "name": "search 200",
                    "path": "::search 200",
                    "id": "f1430541508c538fdf29bbd85cfe5de5"
                }
            },
        "name": "",
        "path": "",
        "id": "d41d8cd98f00b204e9800998ecf8427e"
    },
    "metrics": {
        "iteration_duration": {
            "p(90)": 710.5291000000003,
            "p(95)": 1014.121375,
            "avg": 237.2551725385337,
            "min": 2.1487,
            "med": 80.95685,
            "max": 2324.9008
        },
        "http_req_connecting": {
            "min": 0,
            "med": 0,
            "max": 3.9035,
            "p(90)": 0,
            "p(95)": 0,
            "avg": 0.008831912551116698
        },
        "http_req_receiving": {
            "med": 0,
            "max": 87.1386,
            "p(90)": 1.2759500000000021,
            "p(95)": 2.305315,
            "avg": 0.4819171909405475,
            "min": 0
        },
        "checks": {
            "passes": 6358,
            "fails": 0,
            "value": 1
        },
        "http_reqs": {
            "count": 6358,
            "rate": 209.2600219052917
        },
        "get_latency": {
            "p(90)": 62.7143,
            "p(95)": 85.13365,
            "avg": 29.722916515198914,
            "min": 2.1487,
            "med": 20.3173,
            "max": 581.3951
        },
        "data_sent": {
            "count": 3070443,
            "rate": 101057.08861889738
        },
        "http_req_failed": {
            "passes": 0,
            "fails": 6358,
            "value": 0
        },
        "search_latency": {
            "max": 2324.9008,
            "p(90)": 1014.17516,
            "p(95)": 1236.2053799999999,
            "avg": 445.5632843700655,
            "min": 19.2035,
            "med": 308.8964
        },
        "vus_max": {
            "value": 50,
            "min": 50,
            "max": 50
        },
        "http_req_waiting": {
            "p(90)": 709.2656800000002,
            "p(95)": 1011.1699150000001,
            "avg": 236.34597200377436,
            "min": 2.1487,
            "med": 80.6138,
            "max": 2320.5999
        },
        "data_received": {
            "count": 329917841,
            "rate": 10858542.723278789
        },
        "http_req_duration": {
            "avg": 236.85824916640365,
            "min": 2.1487,
            "med": 80.69735,
            "max": 2324.9008,
            "p(90)": 710.5291000000003,
            "p(95)": 1013.8248499999999
        },
        "iterations": {
            "count": 6358,
            "rate": 209.2600219052917
        },
        "vus": {
            "value": 50,
            "min": 50,
            "max": 50
        },
        "http_req_tls_handshaking": {
            "p(90)": 0,
            "p(95)": 0,
            "avg": 0,
            "min": 0,
            "med": 0,
            "max": 0
        },
        "http_req_duration{expected_response:true}": {
            "avg": 236.85824916640365,
            "min": 2.1487,
            "med": 80.69735,
            "max": 2324.9008,
            "p(90)": 710.5291000000003,
            "p(95)": 1013.8248499999999
        },
        "http_req_sending": {
            "max": 2.0649,
            "p(90)": 0,
            "p(95)": 0.32939999999999925,
            "avg": 0.03035997168921047,
            "min": 0,
            "med": 0
        },
        "http_req_blocked": {
            "avg": 0.08239922931739536,
            "min": 0,
            "med": 0,
            "max": 10.6928,
            "p(90)": 0,
            "p(95)": 0
        },
        "errors": {
            "passes": 0,
            "fails": 6358,
            "value": 0
        }
    }
}