{
    "metrics": {
        "errors": {
            "fails": 6702,
            "passes": 0,
            "value": 0
        },
        "data_received": {
            "count": 355655537,
            "rate": 11810112.139760163
        },
        "search_latency": {
            "avg": 77.89250960864487,
            "min": 16.0431,
            "med": 56.450450000000004,
            "max": 347.6963,
            "p(90)": 160.23990000000006,
            "p(95)": 188.435595
        },
        "http_req_connecting": {
            "max": 1.1346,
            "p(90)": 0,
            "p(95)": 0,
            "avg": 0.0014563563115487916,
            "min": 0,
            "med": 0
        },
        "http_req_duration{expected_response:true}": {
            "avg": 44.45215153685466,
            "min": 2.0901,
            "med": 26.903100000000002,
            "max": 347.6963,
            "p(90)": 123.1696200000001,
            "p(95)": 161.20848999999998
        },
        "http_req_failed": {
            "passes": 0,
            "fails": 6702,
            "value": 0
        },
        "http_req_receiving": {
            "avg": 0.5186027603700389,
            "min": 0,
            "med": 0,
            "max": 61.3061,
            "p(90)": 1.3468800000000016,
            "p(95)": 2.369575
        },
        "data_sent": {
            "count": 3238780,
            "rate": 107548.88091623446
        },
        "iterations": {
            "count": 6702,
            "rate": 222.55065175794692
        },
        "vus_max": {
            "max": 10,
            "value": 10,
            "min": 10
        },
        "http_req_waiting": {
            "max": 343.8716,
            "p(90)": 121.47806000000001,
            "p(95)": 158.77234999999996,
            "avg": 43.90247887197858,
            "min": 2.0901,
            "med": 26.68815
        },
        "http_req_tls_handshaking": {
            "med": 0,
            "max": 0,
            "p(90)": 0,
            "p(95)": 0,
            "avg": 0,
            "min": 0
        },
        "get_latency": {
            "p(90)": 17.00892,
            "p(95)": 21.113694999999996,
            "avg": 9.522381543624165,
            "min": 2.0901,
            "med": 7.91545,
            "max": 57.0325
        },
        "http_req_blocked": {
            "med": 0,
            "max": 11.6389,
            "p(90)": 0,
            "p(95)": 0,
            "avg": 0.023341509997015803,
            "min": 0
        },
        "checks": {
            "passes": 6702,
            "fails": 0,
            "value": 1
        },
        "iteration_duration": {
            "min": 2.2607,
            "med": 27.23115,
            "max": 347.6963,
            "p(90)": 123.1936500000001,
            "p(95)": 161.82045499999998,
            "avg": 44.7927163085646
        },
        "vus": {
            "value": 10,
            "min": 10,
            "max": 10
        },
        "http_req_duration": {
            "max": 347.6963,
            "p(90)": 123.1696200000001,
            "p(95)": 161.20848999999998,
            "avg": 44.45215153685466,
            "min": 2.0901,
            "med": 26.903100000000002
        },
        "http_reqs": {
            "count": 6702,
            "rate": 222.55065175794692
        },
        "http_req_sending": {
            "min": 0,
            "med": 0,
            "max": 12.0737,
            "p(90)": 0,
            "p(95)": 0,
            "avg": 0.03106990450611756
        }
    },
    "root_group": {
        "id": "d41d8cd98f00b204e9800998ecf8427e",
        "groups": {},
        "checks": {
                "get 200": {
                    "name": "get 200",
                    "path": "::get 200",
                    "id": "2c445af86d719d43e970db9ef11acf1c",
                    "passes": 3278,
                    "fails": 0
                },
                "search 200": {
                    "path": "::search 200",
                    "id": "f1430541508c538fdf29bbd85cfe5de5",
                    "passes": 3424,
                    "fails": 0,
                    "name": "search 200"
                }
            },
        "name": "",
        "path": ""
    }
}