{
    "root_group": {
        "checks": {
            "get 200": {
                "name": "get 200",
                "path": "::get 200",
                "id": "2c445af86d719d43e970db9ef11acf1c",
                "passes": 2060,
                "fails": 0
            },
            "search 200": {
                "passes": 1932,
                "fails": 0,
                "name": "search 200",
                "path": "::search 200",
                "id": "f1430541508c538fdf29bbd85cfe5de5"
            }
        },
        "name": "",
        "path": "",
        "id": "d41d8cd98f00b204e9800998ecf8427e",
        "groups": {}
    },
    "metrics": {
        "http_req_connecting": {
            "p(90)": 0,
            "p(95)": 0,
            "avg": 0.07686174849699397,
            "min": 0,
            "med": 0,
            "max": 25.8504
        },
        "get_latency": {
            "p(95)": 763.4391149999999,
            "avg": 206.44955587378644,
            "min": 2.6989,
            "med": 119.68860000000001,
            "max": 1254.0372,
            "p(90)": 475.6398500000002
        },
        "http_req_failed": {
            "passes": 0,
            "fails": 3992,
            "value": 0
        },
        "http_reqs": {
            "rate": 127.13805514706776,
            "count": 3992
        },
        "iterations": {
            "count": 3992,
            "rate": 127.13805514706776
        },
        "checks": {
            "passes": 3992,
            "fails": 0,
            "value": 1
        },
        "http_req_duration": {
            "max": 7374.3665,
            "p(90)": 2049.50184,
            "p(95)": 2936.8843149999984,
            "avg": 763.0366892034093,
            "min": 2.6989,
            "med": 378.9189
        },
        "http_req_blocked": {
            "max": 46.9467,
            "p(90)": 0,
            "p(95)": 0,
            "avg": 0.1499000250501002,
            "min": 0,
            "med": 0
        },
        "iteration_duration": {
            "avg": 764.0666855460934,
            "min": 3.2336,
            "med": 381.99800000000005,
            "max": 7375.4111,
            "p(90)": 2049.50184,
            "p(95)": 2937.6855349999987
        },
        "http_req_duration{expected_response:true}": {
            "avg": 763.0366892034093,
            "min": 2.6989,
            "med": 378.9189,
            "max": 7374.3665,
            "p(90)": 2049.50184,
            "p(95)": 2936.8843149999984
        },
        "http_req_sending": {
            "min": 0,
            "med": 0,
            "max": 49.9254,
            "p(90)": 0,
            "p(95)": 0.5231899999999999,
            "avg": 0.13433429358717439
        },
        "data_sent": {
            "count": 1926284,
            "rate": 61348.69775073003
        },
        "http_req_tls_handshaking": {
            "avg": 0,
            "min": 0,
            "med": 0,
            "max": 0,
            "p(90)": 0,
            "p(95)": 0
        },
        "vus": {
            "min": 17,
            "max": 100,
            "value": 17
        },
        "http_req_waiting": {
            "avg": 761.2902465931887,
            "min": 2.6989,
            "med": 378.803,
            "max": 7357.3059,
            "p(90)": 2046.3900700000002,
            "p(95)": 2934.4040949999994
        },
        "data_received": {
            "count": 204917989,
            "rate": 6526271.188904866
        },
        "errors": {
            "passes": 0,
            "fails": 3992,
            "value": 0
        },
        "vus_max": {
            "value": 100,
            "min": 100,
            "max": 100
        },
        "http_req_receiving": {
            "avg": 1.6121083166332635,
            "min": 0,
            "med": 0,
            "max": 470.5454,
            "p(90)": 2.9206500000000015,
            "p(95)": 6.335314999999997
        },
        "search_latency": {
            "min": 29.9649,
            "med": 1003.9385500000001,
            "max": 7374.3665,
            "p(90)": 2987.08649,
            "p(95)": 3754.6794899999995,
            "avg": 1356.4991605590067
        }
    }
}