{
    "root_group": {
        "path": "",
        "id": "d41d8cd98f00b204e9800998ecf8427e",
        "groups": {},
        "checks": {
                "get 200": {
                    "id": "2c445af86d719d43e970db9ef11acf1c",
                    "passes": 2767,
                    "fails": 0,
                    "name": "get 200",
                    "path": "::get 200"
                },
                "search 200": {
                    "passes": 2775,
                    "fails": 0,
                    "name": "search 200",
                    "path": "::search 200",
                    "id": "f1430541508c538fdf29bbd85cfe5de5"
                }
            },
        "name": ""
    },
    "metrics": {
        "http_req_duration{expected_response:true}": {
            "p(95)": 1083.8715849999994,
            "avg": 271.27608119812385,
            "min": 2.6552,
            "med": 111.9084,
            "max": 2576.3153,
            "p(90)": 755.6055800000005
        },
        "http_req_waiting": {
            "avg": 270.49390335618875,
            "min": 2.6552,
            "med": 111.3424,
            "max": 2563.1216,
            "p(90)": 753.541260000002,
            "p(95)": 1083.2590499999992
        },
        "http_req_blocked": {
            "avg": 0.10794101407434134,
            "min": 0,
            "med": 0,
            "max": 14.2618,
            "p(90)": 0,
            "p(95)": 0
        },
        "http_req_sending": {
            "p(90)": 0,
            "p(95)": 0.4486799999999904,
            "avg": 0.039720245398772974,
            "min": 0,
            "med": 0,
            "max": 6.6806
        },
        "data_sent": {
            "count": 2677261,
            "rate": 88389.88005285867
        },
        "search_latency": {
            "avg": 491.1964692252256,
            "min": 17.103,
            "med": 349.8695,
            "max": 2576.3153,
            "p(90)": 1082.6478799999995,
            "p(95)": 1343.0315499999997
        },
        "vus": {
            "value": 50,
            "min": 50,
            "max": 50
        },
        "checks": {
            "fails": 0,
            "passes": 5542,
            "value": 1
        },
        "http_req_connecting": {
            "min": 0,
            "med": 0,
            "max": 3.8651,
            "p(90)": 0,
            "p(95)": 0,
            "avg": 0.012483760375315772
        },
        "http_req_failed": {
            "passes": 0,
            "fails": 5542,
            "value": 0
        },
        "errors": {
            "passes": 0,
            "fails": 5542,
            "value": 0
        },
        "http_req_tls_handshaking": {
            "med": 0,
            "max": 0,
            "p(90)": 0,
            "p(95)": 0,
            "avg": 0,
            "min": 0
        },
        "get_latency": {
            "avg": 50.71985540296354,
            "min": 2.6552,
            "med": 32.0434,
            "max": 587.8795,
            "p(90)": 107.15412000000002,
            "p(95)": 166.47269999999978
        },
        "http_req_duration": {
            "max": 2576.3153,
            "p(90)": 755.6055800000005,
            "p(95)": 1083.8715849999994,
            "avg": 271.27608119812385,
            "min": 2.6552,
            "med": 111.9084
        },
        "iteration_duration": {
            "avg": 271.81613468062096,
            "min": 2.7331,
            "med": 112.8188,
            "max": 2576.7134,
            "p(90)": 755.73827,
            "p(95)": 1085.3911299999993
        },
        "vus_max": {
            "value": 50,
            "min": 50,
            "max": 50
        },
        "http_req_receiving": {
            "max": 116.0803,
            "p(90)": 1.666620000000001,
            "p(95)": 3.3884,
            "avg": 0.7424575965355467,
            "min": 0,
            "med": 0
        },
        "data_received": {
            "count": 287600841,
            "rate": 9495153.382166056
        },
        "http_reqs": {
            "count": 5542,
            "rate": 182.9693538481839
        },
        "iterations": {
            "count": 5542,
            "rate": 182.9693538481839
        }
    }
}