{
    "root_group": {
        "id": "d41d8cd98f00b204e9800998ecf8427e",
        "groups": {},
        "checks": {
                "get 200": {
                    "name": "get 200",
                    "path": "::get 200",
                    "id": "2c445af86d719d43e970db9ef11acf1c",
                    "passes": 2580,
                    "fails": 0
                },
                "search 200": {
                    "path": "::search 200",
                    "id": "f1430541508c538fdf29bbd85cfe5de5",
                    "passes": 2529,
                    "fails": 0,
                    "name": "search 200"
                }
            },
        "name": "",
        "path": ""
    },
    "metrics": {
        "http_req_connecting": {
            "avg": 0.0020018594636915248,
            "min": 0,
            "med": 0,
            "max": 1.2937,
            "p(90)": 0,
            "p(95)": 0
        },
        "iterations": {
            "count": 5109,
            "rate": 169.67635906695233
        },
        "search_latency": {
            "avg": 99.75208801897975,
            "min": 18.1559,
            "med": 72.237,
            "max": 532.159,
            "p(90)": 206.8912000000002,
            "p(95)": 244.72418
        },
        "vus_max": {
            "max": 10,
            "value": 10,
            "min": 10
        },
        "http_req_blocked": {
            "p(90)": 0,
            "p(95)": 0,
            "avg": 0.057934918770796616,
            "min": 0,
            "med": 0,
            "max": 22.3554
        },
        "checks": {
            "passes": 5109,
            "fails": 0,
            "value": 1
        },
        "errors": {
            "passes": 0,
            "fails": 5109,
            "value": 0
        },
        "get_latency": {
            "avg": 17.60453158914726,
            "min": 2.1302,
            "med": 13.834399999999999,
            "max": 136.6051,
            "p(90)": 33.37962999999998,
            "p(95)": 42.40804499999999
        },
        "iteration_duration": {
            "p(90)": 149.07837999999992,
            "p(95)": 206.45077999999958,
            "avg": 58.8007949696613,
            "min": 2.1978,
            "med": 37.6325,
            "max": 532.159
        },
        "vus": {
            "value": 10,
            "min": 10,
            "max": 10
        },
        "http_req_tls_handshaking": {
            "p(90)": 0,
            "p(95)": 0,
            "avg": 0,
            "min": 0,
            "med": 0,
            "max": 0
        },
        "http_req_waiting": {
            "avg": 57.48927181444521,
            "min": 2.1302,
            "med": 36.537,
            "max": 517.441,
            "p(90)": 146.44822,
            "p(95)": 202.42581999999967
        },
        "http_req_sending": {
            "avg": 0.04679845370914073,
            "min": 0,
            "med": 0,
            "max": 14.3652,
            "p(90)": 0,
            "p(95)": 0.5209399999999998
        },
        "data_sent": {
            "count": 2466915,
            "rate": 81929.37078247225
        },
        "http_req_duration": {
            "min": 2.1302,
            "med": 36.9125,
            "max": 532.159,
            "p(90)": 148.18955999999997,
            "p(95)": 206.19145999999938,
            "avg": 58.2682955764337
        },
        "http_reqs": {
            "count": 5109,
            "rate": 169.67635906695233
        },
        "http_req_receiving": {
            "med": 0,
            "max": 44.7883,
            "p(90)": 1.7910999999999984,
            "p(95)": 3.447819999999995,
            "avg": 0.7322253082795072,
            "min": 0
        },
        "http_req_failed": {
            "passes": 0,
            "fails": 5109,
            "value": 0
        },
        "data_received": {
            "rate": 8616486.267828895,
            "count": 259444678
        },
        "http_req_duration{expected_response:true}": {
            "min": 2.1302,
            "med": 36.9125,
            "max": 532.159,
            "p(90)": 148.18955999999997,
            "p(95)": 206.19145999999938,
            "avg": 58.2682955764337
        }
    }
}