{
    "root_group": {
        "groups": {},
        "checks": {
                "search 200": {
                    "name": "search 200",
                    "path": "::search 200",
                    "id": "f1430541508c538fdf29bbd85cfe5de5",
                    "passes": 380,
                    "fails": 0
                },
                "get 200": {
                    "path": "::get 200",
                    "id": "2c445af86d719d43e970db9ef11acf1c",
                    "passes": 370,
                    "fails": 0,
                    "name": "get 200"
                }
            },
        "name": "",
        "path": "",
        "id": "d41d8cd98f00b204e9800998ecf8427e"
    },
    "metrics": {
        "http_req_blocked": {
            "avg": 0.02585346666666667,
            "min": 0,
            "med": 0,
            "max": 12.4448,
            "p(90)": 0,
            "p(95)": 0
        },
        "http_req_duration": {
            "max": 1210.3959,
            "p(90)": 90.37839000000001,
            "p(95)": 149.59158999999983,
            "avg": 39.40112866666669,
            "min": 2.1123,
            "med": 9.844899999999999
        },
        "iteration_duration": {
            "med": 10.43445,
            "max": 1211.2264,
            "p(90)": 91.36670000000001,
            "p(95)": 149.59158999999983,
            "avg": 39.88272293333337,
            "min": 2.4598
        },
        "http_req_sending": {
            "p(90)": 0,
            "p(95)": 0,
            "avg": 0.018553200000000002,
            "min": 0,
            "med": 0,
            "max": 0.7618
        },
        "get_latency": {
            "min": 2.1123,
            "med": 4.15435,
            "max": 84.1077,
            "p(90)": 7.28131,
            "p(95)": 10.775735000000001,
            "avg": 5.498502972972967
        },
        "http_req_waiting": {
            "avg": 38.804356266666666,
            "min": 0,
            "med": 9.624500000000001,
            "max": 1183.6087,
            "p(90)": 89.24916,
            "p(95)": 147.53535999999997
        },
        "errors": {
            "passes": 0,
            "fails": 750,
            "value": 0
        },
        "data_sent": {
            "count": 362606,
            "rate": 12080.55010943095
        },
        "http_req_failed": {
            "passes": 0,
            "fails": 750,
            "value": 0
        },
        "search_latency": {
            "avg": 72.41158000000003,
            "min": 5.5068,
            "med": 36.5743,
            "max": 1210.3959,
            "p(90)": 147.7889800000001,
            "p(95)": 246.8610800000001
        },
        "data_received": {
            "count": 36919203,
            "rate": 1229996.9714835205
        },
        "http_req_tls_handshaking": {
            "med": 0,
            "max": 0,
            "p(90)": 0,
            "p(95)": 0,
            "avg": 0,
            "min": 0
        },
        "vus_max": {
            "value": 1,
            "min": 1,
            "max": 1
        },
        "http_req_receiving": {
            "p(95)": 2.192365,
            "avg": 0.5782191999999997,
            "min": 0,
            "med": 0,
            "max": 26.7872,
            "p(90)": 1.5352400000000008
        },
        "http_req_duration{expected_response:true}": {
            "avg": 39.40112866666669,
            "min": 2.1123,
            "med": 9.844899999999999,
            "max": 1210.3959,
            "p(90)": 90.37839000000001,
            "p(95)": 149.59158999999983
        },
        "checks": {
            "passes": 750,
            "fails": 0,
            "value": 1
        },
        "iterations": {
            "count": 750,
            "rate": 24.986935081254064
        },
        "http_reqs": {
            "count": 750,
            "rate": 24.986935081254064
        },
        "vus": {
            "max": 1,
            "value": 1,
            "min": 1
        },
        "http_req_connecting": {
            "min": 0,
            "med": 0,
            "max": 0.9984,
            "p(90)": 0,
            "p(95)": 0,
            "avg": 0.0013311999999999998
        }
    }
}