{
    "root_group": {
        "checks": {
            "status 200": {
                "name": "status 200",
                "path": "::status 200",
                "id": "fad9fa412b86fcb03bee97c80dcd61f1",
                "passes": 0,
                "fails": 35168
            }
        },
        "name": "",
        "path": "",
        "id": "d41d8cd98f00b204e9800998ecf8427e",
        "groups": {}
    },
    "metrics": {
        "data_sent": {
            "count": 16012161,
            "rate": 459800.04360935005
        },
        "iteration_duration": {
            "p(90)": 231.96137,
            "p(95)": 380.28250000000014,
            "avg": 912.4467662079167,
            "min": 0.5078,
            "med": 160.65494999999999,
            "max": 33723.608
        },
        "checks": {
            "passes": 0,
            "fails": 35168,
            "value": 0
        },
        "errors": {
            "passes": 35168,
            "fails": 0,
            "thresholds": {
                "rate<0.01": true
            },
            "value": 1
        },
        "vus": {
            "value": 199,
            "min": 199,
            "max": 1000
        },
        "vus_max": {
            "min": 1000,
            "max": 1000,
            "value": 1000
        },
        "http_req_blocked": {
            "avg": 27.19806390468569,
            "min": 0,
            "med": 17.6314,
            "max": 457.1123,
            "p(90)": 61.89261,
            "p(95)": 78.66815000000001
        },
        "iterations": {
            "count": 35168,
            "rate": 1009.8729293100176
        },
        "data_received": {
            "count": 4071000,
            "rate": 116901.5211334475
        },
        "http_req_failed": {
            "passes": 35168,
            "fails": 0,
            "value": 1
        },
        "http_req_sending": {
            "med": 0.5869,
            "max": 130.166,
            "p(90)": 5.99946,
            "p(95)": 11.3272,
            "avg": 2.44592349010464,
            "min": 0
        },
        "search_latency": {
            "min": 0,
            "med": 134.54805,
            "max": 367.9436,
            "p(90)": 191.76297,
            "p(95)": 221.62097500000004,
            "avg": 135.70757295268558
        },
        "http_req_connecting": {
            "avg": 26.95748037135997,
            "min": 0,
            "med": 17.46435,
            "max": 289.8792,
            "p(90)": 61.5519,
            "p(95)": 78.01803
        },
        "http_req_receiving": {
            "p(95)": 23.686525,
            "avg": 5.547026828366658,
            "min": 0,
            "med": 2.22105,
            "max": 131.4863,
            "p(90)": 14.94911
        },
        "http_req_duration": {
            "avg": 135.70757295268558,
            "min": 0,
            "med": 134.54805,
            "max": 367.9436,
            "p(90)": 191.76297,
            "p(95)": 221.62097500000004,
            "thresholds": {
                "p(95)<5000": false
            }
        },
        "http_reqs": {
            "count": 35168,
            "rate": 1009.8729293100176
        },
        "http_req_tls_handshaking": {
            "avg": 0,
            "min": 0,
            "med": 0,
            "max": 0,
            "p(90)": 0,
            "p(95)": 0
        },
        "http_req_waiting": {
            "avg": 127.71462263421323,
            "min": 0,
            "med": 127.2534,
            "max": 345.8426,
            "p(90)": 182.50522999999998,
            "p(95)": 211.41398500000003
        }
    }
}