{
    "metrics": {
        "errors": {
            "passes": 0,
            "fails": 40,
            "value": 0
        },
        "iteration_duration": {
            "avg": 8073.825667500003,
            "min": 7351.9775,
            "med": 7738.227150000001,
            "max": 9467.1359,
            "p(90)": 9429.68722,
            "p(95)": 9447.211565
        },
        "http_req_connecting": {
            "avg": 0.14477500000000001,
            "min": 0,
            "med": 0,
            "max": 0.5791,
            "p(90)": 0.5791,
            "p(95)": 0.5791
        },
        "http_req_waiting": {
            "avg": 8059.115484999999,
            "min": 7338.1667,
            "med": 7722.98465,
            "max": 9435.571,
            "p(90)": 9417.95171,
            "p(95)": 9426.158010000001
        },
        "data_received": {
            "count": 3842843,
            "rate": 118958.78694672915
        },
        "http_reqs": {
            "count": 40,
            "rate": 1.2382372836645072
        },
        "http_req_duration{expected_response:true}": {
            "avg": 8069.838880000001,
            "min": 7338.1667,
            "med": 7737.7264,
            "max": 9466.3903,
            "p(90)": 9427.82566,
            "p(95)": 9447.176635
        },
        "vus": {
            "min": 10,
            "max": 10,
            "value": 10
        },
        "checks": {
            "passes": 40,
            "fails": 0,
            "value": 1
        },
        "data_sent": {
            "count": 19790,
            "rate": 612.6178960930149
        },
        "http_req_blocked": {
            "avg": 3.0716025,
            "min": 0,
            "med": 0,
            "max": 12.8096,
            "p(90)": 12.0587,
            "p(95)": 12.096244999999998
        },
        "http_req_tls_handshaking": {
            "med": 0,
            "max": 0,
            "p(90)": 0,
            "p(95)": 0,
            "avg": 0,
            "min": 0
        },
        "http_req_failed": {
            "passes": 0,
            "fails": 40,
            "value": 0
        },
        "search_latency": {
            "avg": 8069.838880000001,
            "min": 7338.1667,
            "med": 7737.7264,
            "max": 9466.3903,
            "p(90)": 9427.82566,
            "p(95)": 9447.176635
        },
        "vus_max": {
            "value": 10,
            "min": 10,
            "max": 10
        },
        "iterations": {
            "count": 40,
            "rate": 1.2382372836645072
        },
        "http_req_duration": {
            "p(90)": 9427.82566,
            "p(95)": 9447.176635,
            "avg": 8069.838880000001,
            "min": 7338.1667,
            "med": 7737.7264,
            "max": 9466.3903
        },
        "http_req_sending": {
            "p(95)": 0.7517849999999993,
            "avg": 0.06887,
            "min": 0,
            "med": 0,
            "max": 1.0175,
            "p(90)": 0
        },
        "http_req_receiving": {
            "avg": 10.654525000000003,
            "min": 0,
            "med": 9.8676,
            "max": 59.9666,
            "p(90)": 19.891680000000004,
            "p(95)": 32.07015
        }
    },
    "root_group": {
        "id": "d41d8cd98f00b204e9800998ecf8427e",
        "groups": {},
        "checks": {
                "status 200": {
                    "fails": 0,
                    "name": "status 200",
                    "path": "::status 200",
                    "id": "fad9fa412b86fcb03bee97c80dcd61f1",
                    "passes": 40
                }
            },
        "name": "",
        "path": ""
    }
}