{
    "metrics": {
        "vus": {
            "max": 10,
            "value": 10,
            "min": 10
        },
        "vus_max": {
            "value": 10,
            "min": 10,
            "max": 10
        },
        "http_req_sending": {
            "med": 0,
            "max": 30.1961,
            "p(90)": 1.00024,
            "p(95)": 1.1656,
            "avg": 0.2294485173005044,
            "min": 0
        },
        "iteration_duration": {
            "avg": 8.390323428057403,
            "min": 1.7486,
            "med": 7.8546,
            "max": 327.7606,
            "p(90)": 12.232400000000002,
            "p(95)": 13.82889999999999
        },
        "http_reqs": {
            "count": 35577,
            "rate": 1185.6191663401328
        },
        "data_sent": {
            "rate": 559576.0217596459,
            "count": 16791257
        },
        "http_req_receiving": {
            "p(95)": 2.3123,
            "avg": 0.6681841723585479,
            "min": 0,
            "med": 0.5063,
            "max": 111.9901,
            "p(90)": 1.6570600000000006
        },
        "iterations": {
            "count": 35577,
            "rate": 1185.6191663401328
        },
        "checks": {
            "passes": 0,
            "fails": 35577,
            "value": 0
        },
        "http_req_waiting": {
            "avg": 5.022071312926851,
            "min": 0,
            "med": 4.4631,
            "max": 326.2806,
            "p(90)": 8.15008,
            "p(95)": 9.455879999999997
        },
        "http_req_blocked": {
            "avg": 2.0577443263906736,
            "min": 0,
            "med": 1.5421,
            "max": 82.044,
            "p(90)": 4.033880000000001,
            "p(95)": 5.377779999999999
        },
        "http_req_failed": {
            "passes": 35577,
            "fails": 0,
            "value": 1
        },
        "http_req_tls_handshaking": {
            "p(90)": 0,
            "p(95)": 0,
            "avg": 0,
            "min": 0,
            "med": 0,
            "max": 0
        },
        "http_req_duration": {
            "med": 5.3883,
            "max": 326.2806,
            "p(90)": 9.2687,
            "p(95)": 10.6654,
            "avg": 5.919704002585899,
            "min": 0,
            "thresholds": {
                "p(95)<5000": false
            }
        },
        "http_req_connecting": {
            "avg": 1.8758487787053553,
            "min": 0,
            "med": 1.412,
            "max": 82.044,
            "p(90)": 3.7219800000000003,
            "p(95)": 5.014939999999999
        },
        "search_latency": {
            "max": 326.2806,
            "p(90)": 9.2687,
            "p(95)": 10.6654,
            "avg": 5.919704002585899,
            "min": 0,
            "med": 5.3883
        },
        "data_received": {
            "count": 4269000,
            "rate": 142266.30185530055
        },
        "errors": {
            "fails": 0,
            "passes": 35577,
            "thresholds": {
                "rate<0.01": true
            },
            "value": 1
        }
    },
    "root_group": {
        "path": "",
        "id": "d41d8cd98f00b204e9800998ecf8427e",
        "groups": {},
        "checks": {
                "status 200": {
                    "path": "::status 200",
                    "id": "fad9fa412b86fcb03bee97c80dcd61f1",
                    "passes": 0,
                    "fails": 35577,
                    "name": "status 200"
                }
            },
        "name": ""
    }
}