{
    "root_group": {
        "name": "",
        "path": "",
        "id": "d41d8cd98f00b204e9800998ecf8427e",
        "groups": {},
        "checks": {
                "status 200": {
                    "name": "status 200",
                    "path": "::status 200",
                    "id": "fad9fa412b86fcb03bee97c80dcd61f1",
                    "passes": 51,
                    "fails": 13686
                }
            }
    },
    "metrics": {
        "iterations": {
            "count": 13737,
            "rate": 228.47734700826612
        },
        "http_req_connecting": {
            "p(95)": 190.8865399999998,
            "avg": 14.22904261483585,
            "min": 0,
            "med": 0,
            "max": 590.0851,
            "p(90)": 0
        },
        "http_req_tls_handshaking": {
            "p(90)": 0,
            "p(95)": 0,
            "avg": 0,
            "min": 0,
            "med": 0,
            "max": 0
        },
        "http_req_failed": {
            "passes": 13686,
            "fails": 51,
            "value": 0.9962873989954139
        },
        "search_latency": {
            "p(90)": 15365.942659999999,
            "p(95)": 16919.48118,
            "avg": 2272.468745468447,
            "min": 0,
            "med": 0,
            "max": 57514.0694
        },
        "http_req_blocked": {
            "avg": 14.44226383489845,
            "min": 0,
            "med": 0,
            "max": 590.0851,
            "p(90)": 0,
            "p(95)": 191.69217999999978
        },
        "http_req_sending": {
            "min": 0,
            "med": 0,
            "max": 368.1923,
            "p(90)": 0,
            "p(95)": 0.9983,
            "avg": 0.4508036252456866
        },
        "http_req_waiting": {
            "min": 0,
            "med": 0,
            "max": 57464.5582,
            "p(90)": 15365.942659999999,
            "p(95)": 16907.60664,
            "avg": 2270.877692174425
        },
        "http_req_duration": {
            "min": 0,
            "med": 0,
            "max": 57514.0694,
            "p(90)": 15365.942659999999,
            "p(95)": 16919.48118,
            "avg": 2272.468745468447
        },
        "http_reqs": {
            "count": 13737,
            "rate": 228.47734700826612
        },
        "vus_max": {
            "value": 1000,
            "min": 1000,
            "max": 1000
        },
        "data_received": {
            "count": 11777393,
            "rate": 195884.65511492497
        },
        "checks": {
            "passes": 51,
            "fails": 13686,
            "value": 0.003712601004586154
        },
        "http_req_receiving": {
            "med": 0,
            "max": 235.9409,
            "p(90)": 0,
            "p(95)": 0,
            "avg": 1.1402496687777532,
            "min": 0
        },
        "errors": {
            "passes": 13686,
            "fails": 51,
            "value": 0.9962873989954139
        },
        "iteration_duration": {
            "avg": 2513.5135884691,
            "min": 24.378,
            "med": 250.2583,
            "max": 57973.7422,
            "p(90)": 15366.2567,
            "p(95)": 17124.49822
        },
        "vus": {
            "value": 82,
            "min": 82,
            "max": 1000
        },
        "http_req_duration{expected_response:true}": {
            "avg": 34103.79798627451,
            "min": 13798.6064,
            "med": 34293.9902,
            "max": 57514.0694,
            "p(90)": 57466.5777,
            "p(95)": 57479.528300000005
        },
        "data_sent": {
            "count": 789082,
            "rate": 13124.216490644001
        }
    }
}