{
    "root_group": {
        "id": "d41d8cd98f00b204e9800998ecf8427e",
        "groups": {},
        "checks": {
                "status 200": {
                    "passes": 7,
                    "fails": 0,
                    "name": "status 200",
                    "path": "::status 200",
                    "id": "fad9fa412b86fcb03bee97c80dcd61f1"
                }
            },
        "name": "",
        "path": ""
    },
    "metrics": {
        "iteration_duration": {
            "p(90)": 4988.99194,
            "p(95)": 5147.15647,
            "avg": 4671.1782,
            "min": 4286.0747,
            "med": 4658.5429,
            "max": 5305.321
        },
        "http_req_tls_handshaking": {
            "med": 0,
            "max": 0,
            "p(90)": 0,
            "p(95)": 0,
            "avg": 0,
            "min": 0
        },
        "search_latency": {
            "med": 4657.9863,
            "max": 5291.3646,
            "p(90)": 4983.40938,
            "p(95)": 5137.386989999999,
            "avg": 4668.921542857143,
            "min": 4286.0747
        },
        "http_req_blocked": {
            "avg": 1.8323285714285713,
            "min": 0,
            "med": 0,
            "max": 12.8263,
            "p(90)": 5.130520000000004,
            "p(95)": 8.978409999999991
        },
        "http_req_failed": {
            "passes": 0,
            "fails": 7,
            "value": 0
        },
        "http_reqs": {
            "count": 7,
            "rate": 0.21406608488540443
        },
        "http_req_connecting": {
            "avg": 0.1616,
            "min": 0,
            "med": 0,
            "max": 1.1312,
            "p(90)": 0.4524800000000004,
            "p(95)": 0.7918399999999992
        },
        "iterations": {
            "count": 7,
            "rate": 0.21406608488540443
        },
        "errors": {
            "passes": 0,
            "fails": 7,
            "value": 0
        },
        "http_req_sending": {
            "min": 0,
            "med": 0,
            "max": 0.5282,
            "p(90)": 0.2112800000000002,
            "p(95)": 0.3697399999999996,
            "avg": 0.07545714285714286
        },
        "vus_max": {
            "value": 1,
            "min": 1,
            "max": 1
        },
        "http_req_receiving": {
            "avg": 5.489114285714286,
            "min": 0,
            "med": 4.6779,
            "max": 12.6406,
            "p(90)": 10.049920000000002,
            "p(95)": 11.345259999999996
        },
        "checks": {
            "fails": 0,
            "passes": 7,
            "value": 1
        },
        "vus": {
            "min": 1,
            "max": 1,
            "value": 1
        },
        "http_req_duration{expected_response:true}": {
            "max": 5291.3646,
            "p(90)": 4983.40938,
            "p(95)": 5137.386989999999,
            "avg": 4668.921542857143,
            "min": 4286.0747,
            "med": 4657.9863
        },
        "http_req_waiting": {
            "avg": 4663.356971428571,
            "min": 4286.0747,
            "med": 4645.3457,
            "max": 5289.0666,
            "p(90)": 4980.17004,
            "p(95)": 5134.61832
        },
        "data_received": {
            "count": 788435,
            "rate": 24111.027662374836
        },
        "http_req_duration": {
            "avg": 4668.921542857143,
            "min": 4286.0747,
            "med": 4657.9863,
            "max": 5291.3646,
            "p(90)": 4983.40938,
            "p(95)": 5137.386989999999
        },
        "data_sent": {
            "count": 3431,
            "rate": 104.92296246311751
        }
    }
}