{
    "root_group": {
        "checks": {
            "status 200": {
                "passes": 52,
                "fails": 79,
                "name": "status 200",
                "path": "::status 200",
                "id": "fad9fa412b86fcb03bee97c80dcd61f1"
            }
        },
        "name": "",
        "path": "",
        "id": "d41d8cd98f00b204e9800998ecf8427e",
        "groups": {}
    },
    "metrics": {
        "http_req_waiting": {
            "med": 32408.5695,
            "max": 55674.6815,
            "p(90)": 32544.9477,
            "p(95)": 38347.0241,
            "avg": 28862.665025190818,
            "min": 11914.3756
        },
        "http_req_connecting": {
            "med": 1.0095,
            "max": 6.061,
            "p(90)": 3.5406,
            "p(95)": 4.3004999999999995,
            "avg": 1.6657816793893123,
            "min": 0
        },
        "http_req_tls_handshaking": {
            "avg": 0,
            "min": 0,
            "med": 0,
            "max": 0,
            "p(90)": 0,
            "p(95)": 0
        },
        "http_req_sending": {
            "avg": 0.6363503816793894,
            "min": 0,
            "med": 0,
            "max": 11.1128,
            "p(90)": 2.0081,
            "p(95)": 2.7883500000000003
        },
        "data_received": {
            "count": 6834227,
            "rate": 113888.0650720324
        },
        "http_reqs": {
            "count": 131,
            "rate": 2.1830320421660336
        },
        "iterations": {
            "count": 131,
            "rate": 2.1830320421660336
        },
        "vus_max": {
            "value": 100,
            "min": 100,
            "max": 100
        },
        "iteration_duration": {
            "p(95)": 38361.518,
            "avg": 28877.004183206092,
            "min": 11924.5141,
            "med": 32418.2383,
            "max": 55689.0952,
            "p(90)": 32580.2941
        },
        "http_req_receiving": {
            "med": 0,
            "max": 63.3924,
            "p(90)": 21.4768,
            "p(95)": 33.675,
            "avg": 5.460880916030535,
            "min": 0
        },
        "http_req_failed": {
            "passes": 79,
            "fails": 52,
            "value": 0.6030534351145038
        },
        "vus": {
            "value": 1,
            "min": 1,
            "max": 100
        },
        "http_req_duration{expected_response:true}": {
            "min": 11916.3837,
            "med": 25102.44225,
            "max": 39787.3335,
            "p(90)": 38348.42944,
            "p(95)": 38355.692520000004,
            "avg": 22999.76771153847
        },
        "http_req_blocked": {
            "min": 0,
            "med": 9.1379,
            "max": 19.2729,
            "p(90)": 11.8181,
            "p(95)": 12.6614,
            "avg": 7.453442748091602
        },
        "errors": {
            "passes": 79,
            "fails": 52,
            "value": 0.6030534351145038
        },
        "search_latency": {
            "p(95)": 38349.5587,
            "avg": 28868.762256488535,
            "min": 11916.3837,
            "med": 32409.5701,
            "max": 55678.3388,
            "p(90)": 32544.9477
        },
        "data_sent": {
            "count": 65244,
            "rate": 1087.2499431990893
        },
        "checks": {
            "passes": 52,
            "fails": 79,
            "value": 0.3969465648854962
        },
        "http_req_duration": {
            "med": 32409.5701,
            "max": 55678.3388,
            "p(90)": 32544.9477,
            "p(95)": 38349.5587,
            "avg": 28868.762256488535,
            "min": 11916.3837
        }
    }
}