{
    "metrics": {
        "checks": {
            "passes": 0,
            "fails": 37595,
            "value": 0
        },
        "data_sent": {
            "count": 17743361,
            "rate": 590338.6371777995
        },
        "errors": {
            "passes": 37595,
            "fails": 0,
            "thresholds": {
                "rate<0.01": true
            },
            "value": 1
        },
        "iterations": {
            "rate": 1250.8217053521805,
            "count": 37595
        },
        "http_req_tls_handshaking": {
            "avg": 0,
            "min": 0,
            "med": 0,
            "max": 0,
            "p(90)": 0,
            "p(95)": 0
        },
        "http_req_blocked": {
            "med": 8.9023,
            "max": 176.2909,
            "p(90)": 26.60023999999999,
            "p(95)": 32.615619999999986,
            "avg": 11.868046687059273,
            "min": 0
        },
        "data_received": {
            "count": 4511160,
            "rate": 150090.6196120905
        },
        "http_reqs": {
            "count": 37595,
            "rate": 1250.8217053521805
        },
        "http_req_sending": {
            "avg": 3.518185601808759,
            "min": 0,
            "med": 0.6315,
            "max": 211.4835,
            "p(90)": 8.119319999999998,
            "p(95)": 17.721639999999866
        },
        "http_req_waiting": {
            "med": 58.098,
            "max": 163.3285,
            "p(90)": 84.1949,
            "p(95)": 93.26145999999999,
            "avg": 58.10790528793728,
            "min": 0
        },
        "vus_max": {
            "value": 100,
            "min": 100,
            "max": 100
        },
        "http_req_failed": {
            "passes": 37595,
            "fails": 0,
            "value": 1
        },
        "http_req_receiving": {
            "avg": 5.808893953983269,
            "min": 0,
            "med": 2.3841,
            "max": 234.992,
            "p(90)": 14.683179999999988,
            "p(95)": 21.8672
        },
        "iteration_duration": {
            "avg": 79.83123404974054,
            "min": 3.1473,
            "med": 77.8593,
            "max": 324.3955,
            "p(90)": 107.54578,
            "p(95)": 118.99338999999995
        },
        "http_req_connecting": {
            "avg": 11.198325641707575,
            "min": 0,
            "med": 8.4162,
            "max": 111.9727,
            "p(90)": 25.613839999999996,
            "p(95)": 31.1775
        },
        "vus": {
            "value": 100,
            "min": 100,
            "max": 100
        },
        "search_latency": {
            "p(90)": 95.86734,
            "p(95)": 106.5078,
            "avg": 67.434984843729,
            "min": 0,
            "med": 66.3359,
            "max": 323.0798
        },
        "http_req_duration": {
            "min": 0,
            "med": 66.3359,
            "max": 323.0798,
            "p(90)": 95.86734,
            "p(95)": 106.5078,
            "avg": 67.434984843729,
            "thresholds": {
                "p(95)<5000": false
            }
        }
    },
    "root_group": {
        "name": "",
        "path": "",
        "id": "d41d8cd98f00b204e9800998ecf8427e",
        "groups": {},
        "checks": {
                "status 200": {
                    "name": "status 200",
                    "path": "::status 200",
                    "id": "fad9fa412b86fcb03bee97c80dcd61f1",
                    "passes": 0,
                    "fails": 37595
                }
            }
    }
}