{
    "metrics": {
        "http_req_connecting": {
            "p(95)": 0,
            "avg": 0.019626206434316357,
            "min": 0,
            "med": 0,
            "max": 7.231,
            "p(90)": 0
        },
        "http_req_tls_handshaking": {
            "avg": 0,
            "min": 0,
            "med": 0,
            "max": 0,
            "p(90)": 0,
            "p(95)": 0
        },
        "http_req_receiving": {
            "avg": 12.708658243967841,
            "min": 0,
            "med": 9.19845,
            "max": 429.2666,
            "p(90)": 28.738260000000025,
            "p(95)": 37.36821000000001
        },
        "checks": {
            "passes": 1492,
            "fails": 0,
            "value": 1
        },
        "http_req_blocked": {
            "avg": 0.09478766756032174,
            "min": 0,
            "med": 0,
            "max": 16.04,
            "p(90)": 0,
            "p(95)": 0
        },
        "http_req_duration": {
            "max": 1178.4922,
            "p(90)": 482.3094200000001,
            "p(95)": 616.8126400000001,
            "avg": 201.12345965147492,
            "min": 12.6704,
            "med": 131.12405
        },
        "search_latency": {
            "avg": 201.12345965147492,
            "min": 12.6704,
            "med": 131.12405,
            "max": 1178.4922,
            "p(90)": 482.3094200000001,
            "p(95)": 616.8126400000001
        },
        "iterations": {
            "count": 1492,
            "rate": 49.195603251770024
        },
        "http_req_duration{expected_response:true}": {
            "p(90)": 482.3094200000001,
            "p(95)": 616.8126400000001,
            "avg": 201.12345965147492,
            "min": 12.6704,
            "med": 131.12405,
            "max": 1178.4922
        },
        "http_req_sending": {
            "avg": 0.07430764075067024,
            "min": 0,
            "med": 0,
            "max": 16.1385,
            "p(90)": 0,
            "p(95)": 0.514
        },
        "errors": {
            "passes": 0,
            "fails": 1492,
            "value": 0
        },
        "vus": {
            "value": 10,
            "min": 10,
            "max": 10
        },
        "vus_max": {
            "value": 10,
            "min": 10,
            "max": 10
        },
        "data_received": {
            "count": 156468816,
            "rate": 5159234.445851344
        },
        "data_sent": {
            "count": 736910,
            "rate": 24298.077742802845
        },
        "http_reqs": {
            "count": 1492,
            "rate": 49.195603251770024
        },
        "http_req_waiting": {
            "avg": 188.34049376675608,
            "min": 12.6704,
            "med": 122.48165,
            "max": 934.1425,
            "p(90)": 453.51808,
            "p(95)": 576.0014600000001
        },
        "http_req_failed": {
            "passes": 0,
            "fails": 1492,
            "value": 0
        },
        "iteration_duration": {
            "avg": 201.7571633378018,
            "min": 12.6704,
            "med": 132.06475,
            "max": 1179,
            "p(90)": 483.2901600000001,
            "p(95)": 617.530295
        }
    },
    "root_group": {
        "name": "",
        "path": "",
        "id": "d41d8cd98f00b204e9800998ecf8427e",
        "groups": {},
        "checks": {
                "status 200": {
                    "name": "status 200",
                    "path": "::status 200",
                    "id": "fad9fa412b86fcb03bee97c80dcd61f1",
                    "passes": 1492,
                    "fails": 0
                }
            }
    }
}