{
    "root_group": {
        "name": "",
        "path": "",
        "id": "d41d8cd98f00b204e9800998ecf8427e",
        "groups": {},
        "checks": {
                "status 200": {
                    "name": "status 200",
                    "path": "::status 200",
                    "id": "fad9fa412b86fcb03bee97c80dcd61f1",
                    "passes": 313,
                    "fails": 0
                }
            }
    },
    "metrics": {
        "errors": {
            "fails": 313,
            "passes": 0,
            "value": 0
        },
        "vus_max": {
            "value": 1,
            "min": 1,
            "max": 1
        },
        "http_req_failed": {
            "passes": 0,
            "fails": 313,
            "value": 0
        },
        "http_reqs": {
            "count": 313,
            "rate": 10.424483225061476
        },
        "vus": {
            "min": 1,
            "max": 1,
            "value": 1
        },
        "iteration_duration": {
            "p(90)": 243.32682000000003,
            "p(95)": 282.77731999999986,
            "avg": 95.92446964856225,
            "min": 6.0849,
            "med": 64.0934,
            "max": 444.3451
        },
        "checks": {
            "passes": 313,
            "fails": 0,
            "value": 1
        },
        "iterations": {
            "count": 313,
            "rate": 10.424483225061476
        },
        "http_req_duration": {
            "p(95)": 281.35243999999994,
            "avg": 95.72746389776356,
            "min": 6.0849,
            "med": 64.0934,
            "max": 444.3451,
            "p(90)": 243.30666000000002
        },
        "http_req_duration{expected_response:true}": {
            "avg": 95.72746389776356,
            "min": 6.0849,
            "med": 64.0934,
            "max": 444.3451,
            "p(90)": 243.30666000000002,
            "p(95)": 281.35243999999994
        },
        "http_req_sending": {
            "p(90)": 0,
            "p(95)": 0,
            "avg": 0.012992651757188499,
            "min": 0,
            "med": 0,
            "max": 1.0107
        },
        "search_latency": {
            "med": 64.0934,
            "max": 444.3451,
            "p(90)": 243.30666000000002,
            "p(95)": 281.35243999999994,
            "avg": 95.72746389776356,
            "min": 6.0849
        },
        "data_sent": {
            "rate": 5152.392422896759,
            "count": 154703
        },
        "http_req_receiving": {
            "p(95)": 11.918919999999993,
            "avg": 4.663935782747602,
            "min": 0,
            "med": 3.7722,
            "max": 25.1229,
            "p(90)": 10.69204
        },
        "http_req_waiting": {
            "avg": 91.05053546325883,
            "min": 5.5738,
            "med": 58.9459,
            "max": 424.0347,
            "p(90)": 234.08902000000003,
            "p(95)": 267.8367599999999
        },
        "data_received": {
            "count": 31976912,
            "rate": 1064992.9160807251
        },
        "http_req_tls_handshaking": {
            "med": 0,
            "max": 0,
            "p(90)": 0,
            "p(95)": 0,
            "avg": 0,
            "min": 0
        },
        "http_req_connecting": {
            "p(95)": 0,
            "avg": 0.0019204472843450478,
            "min": 0,
            "med": 0,
            "max": 0.6011,
            "p(90)": 0
        },
        "http_req_blocked": {
            "avg": 0.049805431309904155,
            "min": 0,
            "med": 0,
            "max": 14.0304,
            "p(90)": 0,
            "p(95)": 0
        }
    }
}