{
    "root_group": {
        "name": "",
        "path": "",
        "id": "d41d8cd98f00b204e9800998ecf8427e",
        "groups": {},
        "checks": {
                "status 200": {
                    "passes": 1753,
                    "fails": 0,
                    "name": "status 200",
                    "path": "::status 200",
                    "id": "fad9fa412b86fcb03bee97c80dcd61f1"
                }
            }
    },
    "metrics": {
        "checks": {
            "passes": 1753,
            "fails": 0,
            "value": 1
        },
        "errors": {
            "passes": 0,
            "fails": 1753,
            "value": 0
        },
        "search_latency": {
            "min": 17.9585,
            "med": 533.5579,
            "max": 29757.8204,
            "p(90)": 5177.026179999999,
            "p(95)": 8065.002819999994,
            "avg": 1754.2646181973728
        },
        "iterations": {
            "count": 1753,
            "rate": 55.16339649786634
        },
        "http_reqs": {
            "count": 1753,
            "rate": 55.16339649786634
        },
        "http_req_receiving": {
            "min": 0,
            "med": 10.3028,
            "max": 90.7762,
            "p(90)": 32.109339999999996,
            "p(95)": 42.094419999999985,
            "avg": 13.240911066742731
        },
        "http_req_failed": {
            "passes": 0,
            "fails": 1753,
            "value": 0
        },
        "http_req_duration": {
            "avg": 1754.2646181973728,
            "min": 17.9585,
            "med": 533.5579,
            "max": 29757.8204,
            "p(90)": 5177.026179999999,
            "p(95)": 8065.002819999994
        },
        "vus_max": {
            "min": 100,
            "max": 100,
            "value": 100
        },
        "http_req_connecting": {
            "p(90)": 0,
            "p(95)": 4.8549,
            "avg": 1.8137722190530516,
            "min": 0,
            "med": 0,
            "max": 94.1342
        },
        "http_req_tls_handshaking": {
            "p(95)": 0,
            "avg": 0,
            "min": 0,
            "med": 0,
            "max": 0,
            "p(90)": 0
        },
        "http_req_sending": {
            "min": 0,
            "med": 0,
            "max": 89.1237,
            "p(90)": 0.52242,
            "p(95)": 1.4468,
            "avg": 0.8598007986309187
        },
        "vus": {
            "min": 42,
            "max": 100,
            "value": 42
        },
        "data_received": {
            "rate": 5531102.167682955,
            "count": 175769128
        },
        "http_req_waiting": {
            "min": 16.6247,
            "med": 519.321,
            "max": 29744.1709,
            "p(90)": 5176.544559999999,
            "p(95)": 8042.647779999998,
            "avg": 1740.1639063319979
        },
        "iteration_duration": {
            "avg": 1757.0209201939508,
            "min": 18.3223,
            "med": 537.3165,
            "max": 29757.8204,
            "p(90)": 5178.4592999999995,
            "p(95)": 8065.496499999994
        },
        "http_req_duration{expected_response:true}": {
            "med": 533.5579,
            "max": 29757.8204,
            "p(90)": 5177.026179999999,
            "p(95)": 8065.002819999994,
            "avg": 1754.2646181973728,
            "min": 17.9585
        },
        "http_req_blocked": {
            "min": 0,
            "med": 0,
            "max": 103.0281,
            "p(90)": 0,
            "p(95)": 8.409079999999891,
            "avg": 2.310960410724473
        },
        "data_sent": {
            "count": 866129,
            "rate": 27255.34366531687
        }
    }
}