{
    "metrics": {
        "checks": {
            "passes": 2206,
            "fails": 672,
            "value": 0.7665045170257123
        },
        "errors": {
            "fails": 2206,
            "passes": 672,
            "value": 0.2334954829742877
        },
        "data_received": {
            "count": 230184347,
            "rate": 4915507.359807169
        },
        "http_req_receiving": {
            "avg": 10.99719999999999,
            "min": 0,
            "med": 5.02605,
            "max": 369.1691,
            "p(90)": 31.06725,
            "p(95)": 42.79784500000001
        },
        "http_req_duration{expected_response:true}": {
            "avg": 13474.906220942887,
            "min": 619.964,
            "med": 14367.52005,
            "max": 43555.0281,
            "p(90)": 17053.1541,
            "p(95)": 22706.685475
        },
        "http_req_duration": {
            "avg": 12899.575648436428,
            "min": 0,
            "med": 14782.8862,
            "max": 44467.5872,
            "p(90)": 16287.507450000003,
            "p(95)": 20735.892880000003
        },
        "data_sent": {
            "count": 1321782,
            "rate": 28226.198843401977
        },
        "http_req_connecting": {
            "max": 646.5727,
            "p(90)": 294.12672000000043,
            "p(95)": 442.68917000000005,
            "avg": 76.81134774148708,
            "min": 0,
            "med": 0
        },
        "vus_max": {
            "value": 1000,
            "min": 1000,
            "max": 1000
        },
        "http_req_failed": {
            "fails": 2206,
            "passes": 672,
            "value": 0.2334954829742877
        },
        "iteration_duration": {
            "p(90)": 16337.296660000002,
            "p(95)": 20786.324735000002,
            "avg": 13015.267574183452,
            "min": 278.8005,
            "med": 14833.7579,
            "max": 44981.6471
        },
        "http_req_tls_handshaking": {
            "avg": 0,
            "min": 0,
            "med": 0,
            "max": 0,
            "p(90)": 0,
            "p(95)": 0
        },
        "search_latency": {
            "med": 14782.8862,
            "max": 44467.5872,
            "p(90)": 16287.507450000003,
            "p(95)": 20735.892880000003,
            "avg": 12899.575648436428,
            "min": 0
        },
        "http_req_sending": {
            "min": 0,
            "med": 0,
            "max": 99.8548,
            "p(90)": 1.99088,
            "p(95)": 5.31418,
            "avg": 1.2638600416956232
        },
        "http_req_blocked": {
            "avg": 77.5533138637942,
            "min": 0,
            "med": 0,
            "max": 671.6307,
            "p(90)": 294.4799400000004,
            "p(95)": 444.2339
        },
        "iterations": {
            "count": 2878,
            "rate": 61.458697630404174
        },
        "http_reqs": {
            "count": 2878,
            "rate": 61.458697630404174
        },
        "vus": {
            "min": 38,
            "max": 1000,
            "value": 38
        },
        "http_req_waiting": {
            "avg": 12887.314588394745,
            "min": 0,
            "med": 14766.801950000001,
            "max": 44462.0182,
            "p(90)": 16263.735620000001,
            "p(95)": 20715.779330000005
        }
    },
    "root_group": {
        "name": "",
        "path": "",
        "id": "d41d8cd98f00b204e9800998ecf8427e",
        "groups": {},
        "checks": {
                "status 200": {
                    "passes": 2206,
                    "fails": 672,
                    "name": "status 200",
                    "path": "::status 200",
                    "id": "fad9fa412b86fcb03bee97c80dcd61f1"
                }
            }
    }
}